RY.TO,TD.TO,CNR.TO,ENB.TO,CP.TO,BAM.TO,CNQ.TO,BMO.TO,BNS.TO,TRI.TO,ATD.TO,BCE.TO,NTR.TO,TRP.TO,SU.TO,CM.TO,CVE.TO,WCN.TO,MFC.TO,CSU.TO,IMO.TO,T.TO,ABX.TO,L.TO,FNV.TO,SLF.TO,IFC.TO,RCI-B.TO,NA.TO,AEM.TO
261.0899963378906,153.3300018310547,164.2443084716797,76.08000183105469,122.40421295166016,66.5999984741211,62.947654724121094,225.17999267578125,108.93000030517578,129.86000061035156,78.0199966430664,34.2380485534668,95.4849624633789,90.71380615234375,87.66915130615234,145.72654724121094,38.81245040893555,207.0500030517578,52.25,2930.45361328125,166.3321990966797,16.935396194458008,58.54999923706055,62.14146423339844,315.32421875,98.30000305175781,264.1507263183594,53.824440002441406,196.71351623535156,244.47000122070312
264.55999755859375,156.64999389648438,166.90977478027344,77.95999908447266,124.51962280273438,66.12000274658203,64.70884704589844,228.86000061035156,111.68000030517578,119.41000366210938,79.20999908447266,33.63582229614258,93.94888305664062,93.34979248046875,89.77519989013672,149.1337890625,40.27425765991211,206.1199951171875,53.18000030517578,2883.5576171875,171.32733154296875,16.954906463623047,59.720001220703125,61.473060607910156,325.7721862792969,100.66000366210938,269.14373779296875,52.328765869140625,200.09329223632812,247.75
265.80999755859375,156.24000549316406,165.06980895996094,77.58000183105469,123.57167053222656,62.849998474121094,65.65869903564453,225.52999877929688,111.4000015258789,115.91000366210938,80.02999877929688,33.64569854736328,94.83089447021484,93.38943481445312,90.56000518798828,148.2794952392578,40.7714729309082,209.6199951171875,53.029998779296875,2748.8369140625,174.80999755859375,16.68175506591797,58.209999084472656,62.650245666503906,318.1682434082031,100.20999908447266,268.7060852050781,52.081138610839844,198.81097412109375,238.7100067138672
270.94000244140625,158.02999877929688,165.29855346679688,78.83000183105469,124.10053253173828,64.91000366210938,65.52017974853516,229.6199951171875,113.11000061035156,119.3499984741211,80.79000091552734,33.04347229003906,95.02909088134766,94.88580322265625,91.01000213623047,150.58409118652344,41.1195182800293,214.07000732421875,53.5,2900.0693359375,176.22999572753906,16.671998977661133,59.45000076293945,63.08919906616211,327.5683898925781,101.41999816894531,270.0687255859375,52.40800476074219,202.2305145263672,245.74000549316406
270.6000061035156,157.74000549316406,167.0291290283203,78.54000091552734,125.11831665039062,64.37999725341797,63.08617401123047,229.22999572753906,112.36000061035156,120.12000274658203,82.5999984741211,33.60620880126953,92.78938293457031,94.965087890625,86.8499984741211,150.86224365234375,39.19033432006836,216.39999389648438,54.0,2967.79443359375,169.6199951171875,16.759798049926758,54.90999984741211,65.37373352050781,303.9981689453125,102.80000305175781,274.43511962890625,52.001895904541016,203.13511657714844,228.02000427246094
272.6300048828125,159.47000122070312,167.7849884033203,77.2300033569336,125.45758819580078,64.16000366210938,63.97666931152344,229.64999389648438,113.01000213623047,116.12000274658203,81.61000061035156,33.33964920043945,93.1758804321289,94.31104278564453,88.12999725341797,151.93507385253906,39.85660171508789,214.6699981689453,54.25,2960.867919921875,171.13999938964844,16.58420181274414,55.060001373291016,64.57564544677734,298.7791748046875,102.68000030517578,275.1213684082031,52.20000076293945,203.18479919433594,226.0
276.010009765625,159.92999267578125,167.8699951171875,77.5199966430664,125.60725402832031,65.7699966430664,61.720760345458984,230.6699981689453,113.87000274658203,114.87000274658203,82.33000183105469,33.81352996826172,91.69925689697266,94.27140045166016,85.31999969482422,153.5045928955078,38.34507369995117,219.72999572753906,54.13999938964844,2973.8212890625,165.8800048828125,16.671998977661133,54.529998779296875,66.14190673828125,294.9871520996094,103.08000183105469,276.2751159667969,52.349998474121094,206.03775024414062,222.80999755859375
275.760009765625,159.64999389648438,166.5,78.8499984741211,124.66929626464844,63.810001373291016,62.917972564697266,229.38999938964844,113.86000061035156,114.51000213623047,83.43000030517578,34.050472259521484,89.96497344970703,95.28219604492188,86.66000366210938,152.71983337402344,39.39916229248047,221.67999267578125,54.77000045776367,3142.084716796875,167.4499969482422,16.579999923706055,51.81999969482422,66.31149291992188,290.3370056152344,104.47000122070312,280.73101806640625,53.880001068115234,204.6460723876953,212.41000366210938
277.92999267578125,162.22000122070312,164.97999572753906,78.87999725341797,124.4298095703125,64.9800033569336,62.84871292114258,232.42999267578125,115.2699966430664,112.06999969482422,84.3499984741211,33.85301971435547,90.81724548339844,95.97587585449219,86.33999633789062,155.02442932128906,39.56821823120117,217.13999938964844,55.470001220703125,3056.518798828125,169.0500030517578,16.6299991607666,54.54999923706055,66.52099609375,290.1700134277344,105.83999633789062,283.3966064453125,54.099998474121094,207.27037048339844,219.94000244140625
278.92999267578125,164.00999450683594,166.47000122070312,78.9800033569336,125.60725402832031,65.94000244140625,62.72998046875,235.25,117.43000030517578,114.08999633789062,84.30999755859375,33.93199920654297,93.76058197021484,96.1641616821289,86.01000213623047,157.6568603515625,39.25,218.33999633789062,56.31999969482422,2922.49755859375,169.77000427246094,16.639999389648438,56.25,64.84500122070312,293.3299865722656,107.04000091552734,276.3845520019531,53.91999816894531,208.55270385742188,227.41000366210938
278.4599914550781,164.27000427246094,164.27000427246094,78.37999725341797,124.64933776855469,67.37000274658203,61.03805160522461,235.49000549316406,118.37999725341797,112.69999694824219,84.23999786376953,33.709999084472656,91.84791564941406,95.95606231689453,83.38999938964844,158.09393310546875,37.959999084472656,216.3800048828125,56.970001220703125,2903.75732421875,168.35000610351562,16.530000686645508,58.619998931884766,64.58999633789062,310.9700012207031,107.18000030517578,271.67999267578125,54.40999984741211,209.81517028808594,240.24000549316406
281.510009765625,165.4600067138672,164.8800048828125,77.93000030517578,124.52960205078125,68.05999755859375,59.9991455078125,237.1699981689453,119.6500015258789,113.66999816894531,83.45999908447266,33.369998931884766,90.8866195678711,95.54975891113281,81.41999816894531,158.78929138183594,36.72999954223633,219.58999633789062,57.540000915527344,2880.539306640625,164.9199981689453,16.540000915527344,59.97999954223633,64.87999725341797,322.4700012207031,108.69999694824219,277.6400146484375,53.33000183105469,212.7277374267578,246.41000366210938
283.2300109863281,167.4499969482422,160.9600067138672,76.9000015258789,120.64803314208984,67.80000305175781,59.138343811035156,239.72999572753906,121.83999633789062,112.05999755859375,83.62000274658203,32.90999984741211,89.96497344970703,95.09391021728516,79.38999938964844,158.17340087890625,36.11000061035156,218.9199981689453,56.970001220703125,2879.539794921875,161.13999938964844,16.489999771118164,58.43000030517578,64.69000244140625,320.8299865722656,110.01000213623047,275.6499938964844,52.5,216.34609985351562,245.0
285.1000061035156,168.6300048828125,160.39999389648438,77.11000061035156,121.34651184082031,67.0199966430664,57.33757781982422,241.52000427246094,123.02999877929688,111.0199966430664,82.44000244140625,32.93000030517578,87.95319366455078,94.93535614013672,78.18000030517578,156.92176818847656,35.529998779296875,217.5399932861328,57.41999816894531,2748.5771484375,159.16000366210938,16.31999969482422,57.08000183105469,64.76000213623047,310.2200012207031,111.62000274658203,278.2200012207031,53.15999984741211,219.09963989257812,236.05999755859375
284.0799865722656,169.3300018310547,159.72999572753906,77.47000122070312,120.5482406616211,66.43000030517578,58.04007339477539,242.42999267578125,123.4800033569336,113.94999694824219,82.37000274658203,32.72999954223633,87.93338012695312,95.4605712890625,78.31999969482422,159.24623107910156,35.65999984741211,217.02999877929688,57.029998779296875,2772.610107421875,158.1999969482422,16.329999923706055,56.189998626708984,64.08999633789062,304.32000732421875,109.43000030517578,277.9599914550781,52.689998626708984,220.36207580566406,231.27999877929688
286.79998779296875,169.25,161.58999633789062,77.68000030517578,121.00724029541016,66.81999969482422,58.51499938964844,245.3000030517578,123.0199966430664,108.5,82.26000213623047,32.11000061035156,87.4279556274414,96.03533935546875,79.47000122070312,160.378662109375,36.33000183105469,217.19000244140625,57.06999969482422,2702.0,161.61000061035156,16.06999969482422,56.84000015258789,63.380001068115234,312.7300109863281,109.75,277.1000061035156,51.33000183105469,221.77365112304688,236.27999877929688
288.4100036621094,169.83999633789062,163.27000427246094,79.2300033569336,121.00724029541016,66.68000030517578,58.209999084472656,246.16000366210938,122.66000366210938,114.83999633789062,91.87000274658203,32.7400016784668,86.5360336303711,97.83891296386719,80.27999877929688,162.0673828125,36.58000183105469,226.4499969482422,57.04999923706055,2790.8798828125,163.0399932861328,16.299999237060547,54.209999084472656,64.7699966430664,303.739990234375,110.27999877929688,285.0,51.90999984741211,222.98638916015625,227.52000427246094
288.0299987792969,169.2899932861328,165.0,78.80000305175781,120.5083236694336,63.900001525878906,56.060001373291016,245.52999877929688,121.4800033569336,115.25,93.76000213623047,33.08000183105469,85.16842651367188,97.77944946289062,77.55000305175781,161.09388732910156,35.09000015258789,236.8800048828125,56.54999923706055,2868.909912109375,160.38999938964844,16.020000457763672,51.86000061035156,66.19999694824219,299.010009765625,110.0199966430664,294.8800048828125,50.47999954223633,222.75775146484375,218.25999450683594
289.1199951171875,170.89999389648438,170.7899932861328,79.7300033569336,123.42200469970703,63.36000061035156,56.189998626708984,247.86000061035156,122.56999969482422,115.0199966430664,93.56999969482422,32.97999954223633,85.73330688476562,98.70105743408203,77.0999984741211,161.11376953125,34.959999084472656,235.9600067138672,57.040000915527344,2764.22998046875,160.9199981689453,15.75,52.09000015258789,66.08999633789062,298.3800048828125,110.0999984741211,288.760009765625,49.36000061035156,222.4794158935547,222.08999633789062
288.010009765625,170.02999877929688,171.0,79.79000091552734,124.43000030517578,63.209999084472656,56.02000045776367,248.66000366210938,122.44000244140625,119.04000091552734,93.43000030517578,32.529998779296875,85.77294921875,97.9380111694336,76.43000030517578,160.17999267578125,35.16999816894531,237.77999877929688,57.189998626708984,2818.02001953125,160.8800048828125,15.720000267028809,52.900001525878906,65.93000030517578,305.32000732421875,110.54000091552734,292.0,49.529998779296875,220.70999145507812,223.07000732421875
290.8800048828125,171.00999450683594,170.8300018310547,78.62000274658203,123.47000122070312,62.5099983215332,55.88999938964844,250.1300048828125,122.94999694824219,117.48999786376953,91.5,31.639999389648438,86.20899200439453,96.4020004272461,76.43000030517578,161.3800048828125,35.540000915527344,236.99000549316406,57.810001373291016,2765.840087890625,160.69000244140625,15.329999923706055,52.470001220703125,64.58999633789062,294.1700134277344,110.93000030517578,292.5,48.380001068115234,220.8000030517578,218.30999755859375
